2dim,1dim,0dim
0.025140947284120193,-10.292806967070529,1265.482176569153
