5dim,4dim,3dim,2dim,1dim,0dim
-1.6241982875730003e-06,0.000534532388896215,-0.06948349519922194,4.59033296605615,-166.31509580302247,3430.4905700685877
