4dim,3dim,2dim,1dim,0dim
2.0357235785926567e-06,-0.0012650133290984444,0.29611959670105575,-32.7683400219387,1742.1866398167015
