4dim,3dim,2dim,1dim,0dim
2.922608731779909e-06,-0.0015238458620978016,0.291555177041145,-25.418913179144784,1039.960380796403
