5dim,4dim,3dim,2dim,1dim,0dim
-1.1484556657317368e-07,7.167065737126912e-05,-0.01716155537915954,1.986087659466568,-115.1955942751933,3183.5147729230075
