2dim,1dim,0dim
0.07451496018578983,-14.739717753422706,906.8309256853369
