5dim,4dim,3dim,2dim,1dim,0dim
-3.078209381681919e-08,1.9507844201052506e-05,-0.004794859699924966,0.5795683124856726,-36.37634661307599,1177.621719916313
