4dim,3dim,2dim,1dim,0dim
3.7396775573924716e-06,-0.0025201748802662453,0.6292269778336165,-69.51622618493859,3002.5698106770737
