3dim,2dim,1dim,0dim
-0.00026433706148626217,0.11030776211465618,-15.55071727130187,879.8039973033353
