3dim,2dim,1dim,0dim
-0.0007239029435547671,0.18644643815473808,-17.866972615973957,811.7578863399516
