4dim,3dim,2dim,1dim,0dim
8.970309424964098e-06,-0.004602950906416739,0.8592501868928151,-71.161727802388,2586.2551619561223
