2dim,1dim,0dim
0.05331957727639427,-10.469209051465684,691.6330351352093
