3dim,2dim,1dim,0dim
-0.0009336604418476157,0.2556973954469896,-24.680341164251463,1022.3805529054996
