5dim,4dim,3dim,2dim,1dim,0dim
2.713017481151117e-07,-9.209463711465989e-05,0.012024266853835999,-0.7405223567130271,20.264326869853956,-110.41061183386628
