2dim,1dim,0dim
0.05331957727639427,-10.469209051465684,-17.866972615973957
