2dim,1dim,0dim
0.005027881853508219,-2.69780307261149,431.99242875070263
